 {
  "features": [
    {
      "type": "Feature",
      "properties": {
        "title": "Elgsetergate",
        "description": "Snow: 11 cm"
      },
      "geometry": {
        "coordinates": [ 10.396258819163721,63.418775786010265],
        "type": "Point"
      }
    },
    {
        "type": "Feature",
        "properties": {
          "title": "Ohma Electra",
          "description": "Snow: 5 cm"
        },
        "geometry": {
          "coordinates": [ 10.401497705501342, 63.41861989991297 ],
          "type": "Point"
        }
      }

  
   
  ],
  "type": "FeatureCollection"
}
